,,Ship Mode,First Class,,,Same Day,,,Second Class,,,Standard Class,,
,,Segment,Consumer,Corporate,Home Office,Consumer,Corporate,Home Office,Consumer,Corporate,Home Office,Consumer,Corporate,Home Office
Ctstomer_id,Order ID,Order Date,,,,,,,,,,,,
1,CA-2011-100293,14-Mar-13,,,,,,,,,,,,91.056
2,CA-2011-100706,16-Dec-13,,,,,,,129.44,,,,,
3,CA-2011-100895,2-Jun-13,,,,,,,,,,605.47,,
4,CA-2011-100916,21-Oct-13,,,,,,,,,,,788.86,
5,CA-2011-101266,27-Aug-13,,,,,,,13.36,,,,,
6,CA-2011-101560,28-Nov-13,,,,,,,,542.34,,,,
7,CA-2011-101770,31-Mar-13,,,,,,,,,,,1.869,
8,CA-2011-102274,21-Nov-13,,,,,,,,,,,865.5,
9,CA-2011-102673,1-Nov-13,,,,,,,,,,,1044.44,
10,CA-2011-102988,5-Apr-13,,,,,,,,4251.92,,,,
11,CA-2011-103317,5-Jul-13,,242.546,,,,,,,,,,
12,CA-2011-103366,15-Jan-13,149.95,,,,,,,,,,,
13,CA-2011-103807,2-Dec-13,,,,,,,,,,,21.19,
14,CA-2011-103989,19-Mar-13,,590.762,,,,,,,,,,
15,CA-2011-104283,27-Jun-13,,,,,,,,,,616.14,,
16,CA-2011-106054,6-Jan-13,,12.78,,,,,,,,,,
17,CA-2011-106810,14-May-13,,,,,,,,,,,310.88,
18,CA-2011-107573,12-Dec-13,,,,,,,,,,23.472,,
19,CA-2011-107811,29-Apr-13,,,,,,,,,,,661.504,
20,CA-2011-108707,24-Oct-13,,,,,,,,,,,,10.368
21,CA-2011-109043,15-Aug-13,243.6,,,,,,,,,,,
22,CA-2011-109232,13-Jan-13,,,,,,,545.94,,,,,
23,CA-2011-110100,25-Apr-13,,,,,,,,,,302.376,,
24,CA-2011-110408,18-Oct-13,,,,,,,,2216.8,,,,
25,CA-2011-110422,21-Jan-13,,,,,,,25.248,,,,,
26,CA-2011-111500,17-Aug-13,,,,,,,,,,,484.79,
27,CA-2011-111934,5-May-13,,47.32,,,,,,,,,,
28,CA-2011-112718,16-Dec-13,,,,,,,,,,,1.167,
29,CA-2011-113047,24-Oct-13,,,,11.85,,,,,,,,
30,CA-2011-113166,24-Dec-13,9.568,,,,,,,,,,,
31,CA-2011-114314,11-Oct-13,,,,,,,,,,,16.23,
32,CA-2011-114321,20-Aug-13,,,,,,,,,,,1417.35,
33,CA-2011-114335,28-Sep-13,,,,,,,,,,337.088,,
34,CA-2011-114790,11-Mar-13,,,,,,,,782.63,,,,
35,CA-2011-115084,18-Oct-13,,,,,,,,,,,605.34,
36,CA-2011-115357,6-Aug-13,,,,,,,62.91,,,,,
37,CA-2011-116190,26-Jul-13,,,,,,,,,,256.48,,
38,CA-2011-116239,4-Mar-13,,,,354.9,,,,,,,,
39,CA-2011-116407,15-Nov-13,,,,,,,,,,362.176,,
40,CA-2011-116568,14-Dec-13,,,,,,,,,,186.304,,
41,CA-2011-117016,4-Mar-13,,,,,,,,,,15.552,,
42,CA-2011-117345,1-Aug-13,,,,,,,,,,,202.896,
43,CA-2011-117639,21-May-13,,,,,,,,,,,3333.9,
44,CA-2011-120432,24-Aug-13,,,,,,,,25.5,,,,
45,CA-2011-120670,2-Nov-13,,,,,,,,,,,,799.92
46,CA-2011-120768,19-Dec-13,,,,,,,1979.89,,,,,
47,CA-2011-120950,6-Nov-13,,,,,,,,,,43.68,,
48,CA-2011-121286,4-Nov-13,,,,,,,,66.616,,,,
49,CA-2011-122217,24-Nov-13,,,,,,,,,,,,111.15
50,CA-2011-123400,2-Feb-13,,,,,,,,,,199.296,,
51,CA-2011-123925,17-Dec-13,,,,,,,40.05,,,,,
52,CA-2011-124023,7-Apr-13,8.96,,,,,,,,,,,
53,CA-2011-124618,2-May-13,,,,,,,479.984,,,,,
54,CA-2011-124688,27-Aug-13,,1812.01,,,,,,,,,,
55,CA-2011-125136,28-Sep-13,,,,,,,,,,,106.944,
56,CA-2011-125682,22-Nov-13,,9.96,,,,,,,,,,
57,CA-2011-127299,19-Sep-13,,,,,,,,,,2692.329,,
58,CA-2011-127488,22-Sep-13,,,,,,,4.608,,,,,
59,CA-2011-127614,11-Feb-13,,,,,,,,,,1508.13,,
60,CA-2011-128839,8-Sep-13,,,,,,,,,,254.97,,
61,CA-2011-128846,7-Apr-13,,,,,,,,,,,752.92,
62,CA-2011-129091,22-Nov-13,,,,,,,,,,,1022.61,
63,CA-2011-129819,13-Dec-13,,,,,,,,12.39,,,,
64,CA-2011-130155,19-May-13,34.2,,,,,,,,,,,
65,CA-2011-130428,31-Mar-13,,,,1142.165,,,,,,,,
66,CA-2011-130918,22-Aug-13,,,,,,,7.632,,,,,
67,CA-2011-131527,1-Dec-13,,,,,,,,,,95.968,,
68,CA-2011-131541,28-Jul-13,,,,193.152,,,,,,,,
69,CA-2011-131905,6-Feb-13,,321.56,,,,,,,,,,
70,CA-2011-132010,13-Oct-13,,,389.74,,,,,,,,,
71,CA-2011-132612,9-Jun-13,,,,,,,1441.3,,,,,
72,CA-2011-133634,5-Nov-13,,,,,,,,,,,,47.79
73,CA-2011-134551,20-Dec-13,,,,,,,,,,732.312,,
74,CA-2011-134621,21-Dec-13,,,,,,,,,,,,18.24
75,CA-2011-136336,21-Apr-13,,,,,,,,,,,828.84,
76,CA-2011-136567,20-Dec-13,,,2884.37,,,,,,,,,
77,CA-2011-136861,5-Sep-13,31.984,,,,,,,,,,,
78,CA-2011-137911,9-Oct-13,,,,,,,,,,,88.768,
79,CA-2011-138296,5-Dec-13,,,,,,,,,,24.56,,
80,CA-2011-138527,12-Sep-13,,,,,,,,,,,192.424,
81,CA-2011-138709,4-Jul-13,,,,,,,,,,37.44,,
82,CA-2011-140165,13-May-13,,,405.456,,,,,,,,,
83,CA-2011-140886,30-Sep-13,,,,,,,,,,69.216,,
84,CA-2011-142727,29-Apr-13,,,,,,,69.9,,,,,
85,CA-2011-142951,8-Oct-13,,,,23.472,,,,,,,,
86,CA-2011-143182,15-Oct-13,,,,,,,,,,15.384,,
87,CA-2011-143840,22-May-13,,,,,,,,,,180.93,,
88,CA-2011-145317,18-Mar-13,,,,,,,,,,,,23661.228
89,CA-2011-145576,14-Sep-13,,,,,,,26.128,,,,,
90,CA-2011-146731,3-Nov-13,,,,,,,,,,147.344,,
91,CA-2011-146885,30-May-13,,,,,,,,,,,13.62,
92,CA-2011-148285,27-Oct-13,,,,,,,,,,,,22.32
93,CA-2011-148425,30-Nov-13,,,,,,,,,,,6.642,
94,CA-2011-149020,10-Jan-13,,,,,,,,,,,54.83,
95,CA-2011-149538,4-Apr-13,,,,,,,,,,,364.93,
96,CA-2011-149958,15-Mar-13,,,,,,,,,,370.782,,
97,CA-2011-151953,20-Sep-13,,,,,,,,,,,2.816,
98,CA-2011-151967,22-Oct-13,,,,,,,,,,,129.92,
99,CA-2011-152254,30-Jun-13,,,,310.688,,,,,,,,
100,CA-2011-152268,2-Sep-13,,,,,,,,,,1793.98,,
101,CA-2011-152562,1-Nov-13,,,,,,,,,,,75.16,
102,CA-2011-152849,5-Jul-13,,,,,,,,,,,4.368,
103,CA-2011-153087,27-Dec-13,,,,,,,,,,,521.92,
104,CA-2011-153913,16-Dec-13,,,,,,,,1015.816,,,,
105,CA-2011-153927,12-Aug-13,286.65,,,,,,,,,,,
106,CA-2011-154158,23-Dec-13,,,,,,,619.848,,,,,
107,CA-2011-155208,16-Apr-13,,,,,,,,,,,39.072,
108,CA-2011-155390,6-Dec-13,,,,,,,,,,42.208,,
109,CA-2011-155852,3-Mar-13,,,,,,,19.456,,,,,
110,CA-2011-156006,30-Apr-13,,,,,,,47.79,,,,,
111,CA-2011-156244,12-Aug-13,,,,,,,,,,,,457.744
112,CA-2011-156790,8-Aug-13,,,,,,,155.456,,,,,
113,CA-2011-157609,16-Mar-13,,,,,,,,,471.92,,,
114,CA-2011-157784,5-Jul-13,514.03,,,,,,,,,,,
115,CA-2011-158274,19-Nov-13,,,,,,,,,682.91,,,
116,CA-2011-158470,19-Apr-13,,,,,,,129.33,,,,,
117,CA-2011-158771,9-May-13,,,,,158.71,,,,,,,
118,CA-2011-159184,14-Sep-13,,,,,,,,,,149.56,,
119,CA-2011-159681,7-Dec-13,,,,,,,,,,105.52,,
120,CA-2011-160094,30-Apr-13,1000.95,,,,,,,,,,,
121,CA-2011-160276,2-Apr-13,,,,,,,,,,,177.68,
122,CA-2011-160773,1-Jul-13,,,,,,,,,,,581.104,
123,CA-2011-161634,14-Nov-13,,,,,,,,,,32.4,,
124,CA-2011-162775,13-Jan-13,,,,,,,,1287.26,,,,
125,CA-2011-163013,28-Nov-13,,,,,,,,,,14.67,,
126,CA-2011-163223,21-Mar-13,,,,,,,,,,,3769.56,
127,CA-2011-163293,8-Sep-13,,116.85,,,,,,,,,,
128,CA-2011-164315,2-Apr-13,,,,,,,,,,1220.67,,
129,CA-2011-164749,23-Mar-13,9.912,,,,,,,,,,,
130,CA-2011-164910,12-Nov-13,,,,,,,,7.872,,,,
131,CA-2011-165764,3-Nov-13,,,,,,,,,,1395.673,,
132,CA-2011-165806,7-Apr-13,,,,,,259.29,,,,,,
133,CA-2011-166051,31-May-13,,,,,,,,,,773.7,,
134,CA-2011-166457,5-May-13,,,,,,,40.54,,,,,
135,CA-2011-166730,30-Dec-13,39.128,,,,,,,,,,,
136,CA-2011-167199,6-Jan-13,,,,,,,,,,,,4374.88
137,CA-2011-167850,9-Aug-13,,,,,,,,,,,193.936,
138,CA-2011-169257,6-Jun-13,,,,,,,,,,63.381,,
139,CA-2011-169684,20-Oct-13,,426.942,,,,,,,,,,
140,CA-2011-169775,29-Aug-13,,,,,,,709.0425,,,,,
141,CA-2012-100769,16-May-14,,,,,,255.968,,,,,,
142,CA-2012-100888,6-Apr-14,,,,,,,,,,47.952,,
143,CA-2012-101868,9-Jun-14,,,,,,,,,,175.32,,
144,CA-2012-102260,22-Sep-14,,,,,,,,,,,,763.508
145,CA-2012-102491,24-Aug-14,,,,,,,,,,3747.93,,
146,CA-2012-102582,15-Sep-14,,,,,,,,,,1918.79,,
147,CA-2012-102722,18-Apr-14,106.5,,,,,,,,,,,
148,CA-2012-102778,21-Nov-14,18.176,,,,,,,,,,,
149,CA-2012-103093,3-Feb-14,,,,,,,,,,74.52,,
150,CA-2012-103135,24-Jul-14,,,,,,,,,,,,525.95
151,CA-2012-103772,28-Jun-14,,,,,,,,,,,,260.31
152,CA-2012-103793,26-Mar-14,,,,,,,,,,,74.352,
153,CA-2012-103870,27-Dec-14,,,,,,,,,,,284.44,
154,CA-2012-104038,6-Feb-14,,176.63,,,,,,,,,,
155,CA-2012-104115,12-Jun-14,,,,,,,,,,55.984,,
156,CA-2012-104241,4-Jan-14,,,,,,,,,,,192.22,
157,CA-2012-104941,13-Jun-14,,,,,,,,,,,976.29,
158,CA-2012-105571,7-Nov-14,,,,,,,,,,,1361.631,
159,CA-2012-106187,23-Jun-14,,,,,,,,,,,268.4,
160,CA-2012-107678,21-Apr-14,,,,,,,,,,893.09,,
161,CA-2012-108119,1-Nov-14,,,,,,,,,,301.96,,
162,CA-2012-108259,8-Nov-14,,,,,,,,,,,81.135,
163,CA-2012-109386,8-Nov-14,,,,,,,750.93,,,,,
164,CA-2012-109470,31-Dec-14,,,,,,,,596.48,,,,
165,CA-2012-109708,25-May-14,,,,,,,,467.04,,,,
166,CA-2012-110247,4-Dec-14,,,,,,,,,,8.226,,
167,CA-2012-110345,9-Mar-14,,,,,,,4.608,,,,,
168,CA-2012-110947,9-Jun-14,,,,,,,,,,,,113.1
169,CA-2012-111199,13-Nov-14,,,,,,,,,,115.296,,
170,CA-2012-111703,2-Jul-14,,,,,,,,,,27.504,,
171,CA-2012-112375,21-Dec-14,,,,,,,,,,78.192,,
172,CA-2012-113628,12-Nov-14,,,,,,,,,,,792.508,
173,CA-2012-114300,13-Oct-14,,,,,,,,,,371.66,,
174,CA-2012-114503,13-Nov-14,,,,,,,,,,84.96,,
175,CA-2012-115091,5-Oct-14,,,,,,,,,,,,75.04
176,CA-2012-115847,19-Sep-14,,,,,,,,,61.96,,,
177,CA-2012-115938,26-Jun-14,,,,,,,,,,535.36,,
178,CA-2012-116638,28-Jan-14,,,,,,,4297.644,,,,,
179,CA-2012-116750,5-Jul-14,,,,,,,,12.158,,,,
180,CA-2012-117828,23-Dec-14,194.32,,,,,,,,,,,
181,CA-2012-117884,22-Mar-14,,,,598.352,,,,,,,,
182,CA-2012-118444,5-Nov-14,,,,,,,,,,387.136,,
183,CA-2012-118843,13-Sep-14,,,,,,,,,,199.86,,
184,CA-2012-119480,9-Jan-14,,,,,,,,,,364.07,,
185,CA-2012-119592,14-Dec-14,,,,,,,,3.76,,,,
186,CA-2012-119634,11-Aug-14,,,,,,,,,,46.152,,
187,CA-2012-120516,13-Aug-14,,,,,,,,,,5.64,,
188,CA-2012-120621,21-Mar-14,,,,,,,,,,1270.379,,
189,CA-2012-120845,25-Sep-14,,,,,,,,,,,22.549,
190,CA-2012-121552,22-Mar-14,,,,,,,,,,,19.56,
191,CA-2012-121720,11-Jun-14,,3165.744,,,,,,,,,,
192,CA-2012-122168,21-Aug-14,,,,,,,,,,,53.28,
193,CA-2012-122266,26-Apr-14,,,,,,,,,,194.1395,,
194,CA-2012-123092,3-Dec-14,,,,,,,,,,288.85,,
195,CA-2012-123330,21-Jun-14,,,,,,,,,,107.976,,
196,CA-2012-125066,14-Dec-14,,,,,,,,,,,62.46,
197,CA-2012-125563,11-Apr-14,,,,,,,,,,121.888,,
198,CA-2012-125696,2-Oct-14,,,,,,,,,,,,7.38
199,CA-2012-125976,27-Sep-14,,,,,,,,,,2026.78,,
200,CA-2012-128027,14-Sep-14,,,,,,,269.49,,,,,
201,CA-2012-128083,12-Mar-14,,,,,,,,,,,45.976,
202,CA-2012-128139,3-Jul-14,,,,,,,,,,365.91,,
203,CA-2012-128958,24-Jan-14,,,,,,,,,,,,13.12
204,CA-2012-129098,9-Oct-14,,,,,,,,,,30.84,,
205,CA-2012-130218,23-Mar-14,59.48,,,,,,,,,,,
206,CA-2012-131422,5-Nov-14,,,,,,,,,,,207,
207,CA-2012-132318,30-Oct-14,182.91,,,,,,,,,,,
208,CA-2012-133242,18-Jun-14,,,,,,,,,,1046.47,,
209,CA-2012-133396,13-Aug-14,,64.68,,,,,,,,,,
210,CA-2012-133977,6-Sep-14,,,,,,,,,3.444,,,
211,CA-2012-134257,16-Mar-14,,,,,,,498.93,,,,,
212,CA-2012-134719,10-Oct-14,,,,,,,,,,1801.632,,
213,CA-2012-134782,27-Dec-14,,,,,,,,,,105.42,,
214,CA-2012-134894,7-Dec-14,,,,,,,,,,436.86,,
215,CA-2012-134992,22-Sep-14,,,,,,,,,80.38,,,
216,CA-2012-135510,5-Sep-14,,,,,,,,,,,,67.96
217,CA-2012-136147,13-Nov-14,,,,,,,,,,233.064,,
218,CA-2012-136224,31-May-14,,,,10.272,,,,,,,,
219,CA-2012-137106,31-Mar-14,,,,,,,,,,,79.96,
220,CA-2012-137281,13-Jun-14,,,,,,,,,,,6.48,
221,CA-2012-137974,16-Apr-14,2298.9,,,,,,,,,,,
222,CA-2012-138457,13-Sep-14,,,,,,,,,,13.092,,
223,CA-2012-138625,2-Nov-14,197.72,,,,,,,,,,,
224,CA-2012-140718,2-Jul-14,,246.364,,,,,,,,,,
225,CA-2012-140830,30-Nov-14,,,,,,,,,89.36,,,
226,CA-2012-141145,17-Sep-14,,,,,,,,,,87.168,,
227,CA-2012-141327,30-Nov-14,440.144,,,,,,,,,,,
228,CA-2012-141565,20-Sep-14,,,,,,,,,,1664.132,,
229,CA-2012-141754,20-Dec-14,,,,,,,,,,,,11.696
230,CA-2012-142202,18-Sep-14,,,,,,,,717.12,,,,
231,CA-2012-142755,4-Sep-14,,,,,,,,,,919.49,,
232,CA-2012-143119,24-Sep-14,,,,,,,,,,517.5,,
233,CA-2012-143532,19-Mar-14,,,,,,,,,,14.496,,
234,CA-2012-144288,25-Dec-14,,,,,,,,,,19.584,,
235,CA-2012-145324,15-Nov-14,,,,,,,,,,,,39.96
236,CA-2012-145352,16-Mar-14,,,,,,,,,,6412.77,,
237,CA-2012-147011,18-Jun-14,,,,,,,,,,,13.632,
238,CA-2012-147102,19-Sep-14,,,,,,,,,,,66.36,
239,CA-2012-147529,7-Feb-14,,,,,,,,,,,324.11,
240,CA-2012-147879,7-May-14,,,,,,,,,,45.68,,
241,CA-2012-148705,12-Mar-14,,,,,,,,,,5.04,,
242,CA-2012-149300,22-Nov-14,32.985,,,,,,,,,,,
243,CA-2012-149342,20-Apr-14,,,,,,,,,,,896.31,
244,CA-2012-149734,3-Sep-14,,,,,,,,,,,200.984,
245,CA-2012-150308,15-Dec-14,,,,,,,,,,,246.168,
246,CA-2012-150560,11-Dec-14,196.62,,,,,,,,,,,
247,CA-2012-150749,29-Mar-14,,,,,,,5.56,,,,,
248,CA-2012-151547,17-Jan-14,,,,,,,,,,88.96,,
249,CA-2012-151624,8-Sep-14,,,,,,,,,,,21.36,
250,CA-2012-153038,18-Dec-14,,,,,,,,,,,94.688,
251,CA-2012-153325,1-Mar-14,,,,,,,58.72,,,,,
252,CA-2012-153535,20-May-14,,,,,,,,,,169.544,,
253,CA-2012-153549,29-Mar-14,,,,,,,,,1166.92,,,
254,CA-2012-153626,9-Jul-14,,,,,,,,,,5.16,,
255,CA-2012-153752,6-Dec-14,,,,,,,173.94,,,,,
256,CA-2012-154291,25-Jul-14,,,,,,,,,,,457.04,
257,CA-2012-154746,14-Nov-14,,860.07,,,,,,,,,,
258,CA-2012-154921,23-May-14,,,,,,,,,,,186.69,
259,CA-2012-155068,23-Oct-14,,,,78.456,,,,,,,,
260,CA-2012-155453,9-Aug-14,,,,,,,,,,,4.608,
261,CA-2012-155600,4-Dec-14,,,,,,,1635.018,,,,,
262,CA-2012-155635,9-May-14,,,,,,,,,,48.81,,
263,CA-2012-156328,30-Nov-14,,,,,,,,,,177.48,,
264,CA-2012-156734,18-Jun-14,,670.001,,,,,,,,,,
265,CA-2012-158148,20-Dec-14,,,,,,,,,,36.27,,
266,CA-2012-158323,30-Nov-14,,17.088,,,,,,,,,,
267,CA-2012-158421,21-Sep-14,,,,,,,,,,3631.96,,
268,CA-2012-160059,27-Nov-14,,,,,,,,,,,,6.24
269,CA-2012-160696,6-Sep-14,,,,,,,,,,,7.24,
270,CA-2012-161445,7-Sep-14,,,,,,,,140.736,,,,
271,CA-2012-161998,1-May-14,,,,,,,,,,,277.632,
272,CA-2012-162201,8-Jun-14,,,,,,,,,,,937.608,
273,CA-2012-162537,28-Oct-14,,,,,,,,,,104.51,,
274,CA-2012-162761,9-Oct-14,,,,,,,,,,50.462,,
275,CA-2012-163237,7-Aug-14,,,,,,,,520.03,,,,
276,CA-2012-163923,30-May-14,,,,,,,,,,,,151.96
277,CA-2012-163965,20-Nov-14,,,,,,,,,,377.902,,
278,CA-2012-164427,31-Jul-14,,,,,,,,,,,239.7,
279,CA-2012-165414,21-Dec-14,47.976,,,,,,,,,,,
280,CA-2012-165624,23-Aug-14,,,,,,,,,,1142.43,,
281,CA-2012-166604,15-May-14,,,,,,,,17.94,,,,
282,CA-2012-166975,26-Nov-14,,,,,,,,,,,692.472,
283,CA-2012-167696,16-Sep-14,,,,,,,,,,31.12,,
284,CA-2012-168004,4-Oct-14,,,,,,,,392.94,,,,
285,CA-2012-168459,22-Nov-14,,,,,,,,,,58.05,,
286,CA-2012-169572,6-Sep-14,,,,,,,,,,,46.62,
287,CA-2012-169677,13-Jan-14,,,,,,,,9.82,,,,
288,CA-2012-169733,22-Oct-14,,,,,,,9.952,,,,,
289,CA-2012-169740,20-Feb-14,,,,,,,,,,29.99,,
290,CA-2013-100307,16-Dec-15,,,,,,,,,,,,19.44
291,CA-2013-101378,15-Jul-15,,,,29,,,,,,,,
292,CA-2013-101469,3-Jul-15,,,,,,,,,,7.7,,
293,CA-2013-101525,2-May-15,,,,,,,140.52,,,,,
294,CA-2013-102092,10-Dec-15,1056.86,,,,,,,,,,,
295,CA-2013-102162,12-Sep-15,,,,,,,,,,1611.01,,
296,CA-2013-102498,25-Jul-15,73.2,,,,,,,,,,,
297,CA-2013-104157,26-Jul-15,,,,,,,,,,2503.47,,
298,CA-2013-104276,28-Nov-15,,,,,,,,,,447.783,,
299,CA-2013-105256,21-May-15,,,,1363.96,,,,,,,,
300,CA-2013-105662,6-May-15,,,,,,,,,,,,270.728
301,CA-2013-105753,21-Oct-15,,,,,,,,,,,,61.1
302,CA-2013-106558,17-Jan-15,,,,,,,,,,,316,
303,CA-2013-106894,7-Feb-15,,,,107.83,,,,,,,,
304,CA-2013-106950,3-Sep-15,,,,,,,,,,1854.241,,
305,CA-2013-108105,16-Feb-15,,,,,,,,,,323.88,,
306,CA-2013-108567,21-May-15,,,,,,,,,,2.694,,
307,CA-2013-108616,30-Sep-15,,,,,,,,,,298.83,,
308,CA-2013-109344,8-Feb-15,,,,,,,,,1127.976,,,
309,CA-2013-109407,24-Jan-15,,,,,,,,31.36,,,,
310,CA-2013-109722,6-Dec-15,,,,,,,1284.8,,,,,
311,CA-2013-109743,23-Sep-15,,,,,,,,,,,104.712,
312,CA-2013-109911,13-May-15,,,,,,,,,,,10.96,
313,CA-2013-110254,5-Aug-15,,,,,,,,,,,,158.81
314,CA-2013-110492,12-Feb-15,1366.04,,,,,,,,,,,
315,CA-2013-111409,19-Sep-15,,,,,,,,,,3,,
316,CA-2013-111605,28-Dec-15,,,,,,,,,,2.61,,
317,CA-2013-112102,13-Apr-15,,,,,,,,,,448.81,,
318,CA-2013-112277,11-Sep-15,,,,,,,,,,,519.68,
319,CA-2013-112676,6-May-15,,14.352,,,,,,,,,,
320,CA-2013-112697,19-Dec-15,,,,,,,,1410.066,,,,
321,CA-2013-113236,27-May-15,,,,,,,,232.624,,,,
322,CA-2013-113292,19-Mar-15,,,,,,,871.8,,,,,
323,CA-2013-113733,9-Dec-15,,,,,,,,,,334.256,,
324,CA-2013-113747,29-May-15,,,,,,,,,,185.88,,
325,CA-2013-113831,31-May-15,,,,,,,,,,,4317.3,
326,CA-2013-113845,21-Nov-15,,,,,,,,,,,574.056,
327,CA-2013-114713,8-Jul-15,,,,,,,,,,,45.584,
328,CA-2013-115504,13-Mar-15,,,,,,,,,,,12.96,
329,CA-2013-116232,23-Sep-15,,,,,,,,,,24.066,,
330,CA-2013-116764,28-Aug-15,,,,,,,,,,,9.216,
331,CA-2013-116918,2-Oct-15,,,,,,,36.364,,,,,
332,CA-2013-117604,5-Sep-15,,,,,,,,,,239.5,,
333,CA-2013-118073,13-Aug-15,,,,,,,,,,,562.2925,
334,CA-2013-118178,20-Mar-15,,,,,,,,,,,31.086,
335,CA-2013-118514,3-Feb-15,,,,,,,,,,866.4,,
336,CA-2013-118626,16-Aug-15,,,,,,,,,,705.544,,
337,CA-2013-118934,10-Aug-15,,,,,,,,,,,,16.218
338,CA-2013-119074,28-Mar-15,,,,,,,,,,,92.7,
339,CA-2013-119515,15-Aug-15,15.552,,,,,,,,,,,
340,CA-2013-119823,5-Jun-15,75.88,,,,,,,,,,,
341,CA-2013-120873,28-Oct-15,,,,,,,290.98,,,,,
342,CA-2013-121020,25-Oct-15,,,,,,,,,,,,239.976
343,CA-2013-121958,14-Nov-15,,,,,,,,,,52.136,,
344,CA-2013-122518,5-Mar-15,,,,,,,,10.08,,,,
345,CA-2013-123176,28-Sep-15,,,,,,,31.83,,,,,
346,CA-2013-123414,22-Aug-15,,,,,,,,,,,,37.264
347,CA-2013-123533,25-Nov-15,,,,,,,,,,,,392.832
348,CA-2013-123617,29-Nov-15,,,,,,,,,,,7.434,
349,CA-2013-123946,13-Sep-15,,,,,,,,,,,1159.06,
350,CA-2013-124254,13-Apr-15,,,,,,,,,,,191.808,
351,CA-2013-124772,6-Dec-15,191.82,,,,,,,,,,,
352,CA-2013-125017,6-Feb-15,,,,,,,,,,,132.224,
353,CA-2013-125843,14-Aug-15,125.92,,,,,,,,,,,
354,CA-2013-127208,13-Jun-15,,224.9,,,,,,,,,,
355,CA-2013-127698,2-Dec-15,,,,863.928,,,,,,,,
356,CA-2013-127985,2-Apr-15,,,,,,,,,7.04,,,
357,CA-2013-130001,24-Apr-15,,,,,,,,,,,36.24,
358,CA-2013-130442,17-Dec-15,34.944,,,,,,,,,,,
359,CA-2013-130820,16-Nov-15,,,,,630.024,,,,,,,
360,CA-2013-131065,15-Nov-15,,,,,,,513.52,,,,,
361,CA-2013-131205,5-Sep-15,,,,,,,,,,291.74,,
362,CA-2013-131968,12-Nov-15,,,,,,,,,,,,681.432
363,CA-2013-132549,26-Nov-15,,,,,,,,,,73.36,,
364,CA-2013-133123,7-Sep-15,,,,,,,,,,99.156,,
365,CA-2013-133368,14-Jan-15,,,,,,,,,,405.344,,
366,CA-2013-133711,27-Nov-15,,3236.41,,,,,,,,,,
367,CA-2013-133872,15-Jun-15,58.4,,,,,,,,,,,
368,CA-2013-134208,18-Sep-15,,,,,,,,,,396,,
369,CA-2013-134474,5-Jan-15,,,,,,,,255.904,,,,
370,CA-2013-134516,21-Sep-15,,,,,,,,,,,115.48,
371,CA-2013-134789,9-Apr-15,,,,,,,,,,,,215.84
372,CA-2013-135636,9-Oct-15,,,,,,,,,,387.72,,
373,CA-2013-136126,25-May-15,,,,,,261.1,,,,,,
374,CA-2013-136231,6-Sep-15,,,,,,,228.586,,,,,
375,CA-2013-136322,22-Oct-15,,,,,,,,,,,,74.32
376,CA-2013-136483,2-Dec-15,,,,,,,,,,4.704,,
377,CA-2013-137043,24-Dec-15,,,,,,,859.14,,,,,
378,CA-2013-137736,11-Nov-15,,,,,,,,,,41.86,,
379,CA-2013-138695,29-May-15,,,,,,,,,,,452.464,
380,CA-2013-139269,26-May-15,,,,,,,,,,,,1311.97
381,CA-2013-139381,19-Apr-15,,,,,,,,,,233.48,,
382,CA-2013-139689,30-Dec-15,,,,,,,,,,,40.896,
383,CA-2013-140543,30-Jun-15,,,,,,,191.88,,,,,
384,CA-2013-140571,16-Mar-15,,,,,,,,,,,,365.44
385,CA-2013-140641,29-Oct-15,,,,,,,,,,38.19,,
386,CA-2013-140928,19-Sep-15,,,,,,,,,,,383.438,
387,CA-2013-140977,17-Jun-15,,,,,,,,,91.475,,,
388,CA-2013-141180,16-May-15,,,,,,,7.764,,,,,
389,CA-2013-142097,16-Oct-15,,,,,,,,,,,342.76,
390,CA-2013-142370,20-Sep-15,,,,,,,,,,254.99,,
391,CA-2013-142895,22-Jul-15,,,,,,,,,,370.184,,
392,CA-2013-143308,5-Nov-15,,,,10.74,,,,,,,,
393,CA-2013-143805,2-Dec-15,,,,,,,,2145.25,,,,
394,CA-2013-144344,29-Oct-15,,,,314.393,,,,,,,,
395,CA-2013-145247,6-May-15,79.14,,,,,,,,,,,
396,CA-2013-145499,31-May-15,3.282,,,,,,,,,,,
397,CA-2013-145709,5-Oct-15,,,,,,,,,,,64.248,
398,CA-2013-145905,19-Sep-15,,,,,,,,,,1264.14,,
399,CA-2013-146143,15-Dec-15,,,,,,,,,,133.38,,
400,CA-2013-146150,14-Feb-15,,,,,,,,,,264.18,,
401,CA-2013-146171,12-Mar-15,,,,,,,,,,,,558.24
402,CA-2013-147368,10-Jun-15,695.7,,,,,,,,,,,
403,CA-2013-148684,26-Dec-15,,,,,,,,,,870.04,,
404,CA-2013-149111,18-Apr-15,,,,,,,,,55.416,,,
405,CA-2013-149454,26-Jul-15,,,10.44,,,,,,,,,
406,CA-2013-149783,5-Sep-15,,,,,,,131.104,,,,,
407,CA-2013-149979,24-Sep-15,,,,,,,487.22,,,,,
408,CA-2013-150000,9-Apr-15,,,,,,,,,,17.92,,
409,CA-2013-151155,21-Dec-15,,,,,,,,,,,,34.34
410,CA-2013-152156,9-Nov-15,,,,,,,993.9,,,,,
411,CA-2013-152163,2-Jul-15,,,,85.5,,,,,,,,
412,CA-2013-152471,9-Jul-15,,,,839.944,,,,,,,,
413,CA-2013-153318,26-Oct-15,,783.96,,,,,,,,,,
414,CA-2013-154060,3-May-15,,,,,,,,,,187.056,,
415,CA-2013-154403,24-May-15,,,,,,,,,,,,4.98
416,CA-2013-154690,16-Aug-15,,,,,,,225.296,,,,,
417,CA-2013-155138,9-Sep-15,,,,,,,,,,99.872,,
418,CA-2013-155439,15-Sep-15,,,,,,,,,,,,25.92
419,CA-2013-155670,14-Aug-15,,,,,,,21.504,,,,,
420,CA-2013-156503,15-Oct-15,,,,,,,,,,305.248,,
421,CA-2013-156573,30-May-15,,,,,,,,,,60.485,,
422,CA-2013-157161,17-Jul-15,,,,,,,,199.18,,,,
423,CA-2013-157245,20-May-15,,,,,,,,,,641.96,,
424,CA-2013-157280,6-Nov-15,1120.73,,,,,,,,,,,
425,CA-2013-157364,20-Nov-15,18.48,,,,,,,,,,,
426,CA-2013-157588,15-Jul-15,,,,,,,,,,88.15,,
427,CA-2013-157763,19-Jul-15,,,,,,,,,,,140.81,
428,CA-2013-158841,2-Feb-15,,,,,,,8805.04,,,,,
429,CA-2013-159142,5-Apr-15,,,177.78,,,,,,,,,
430,CA-2013-159212,2-Nov-15,,,,,,,,,,,,273.59
431,CA-2013-159653,23-May-15,,,,14.73,,,,,,,,
432,CA-2013-159765,10-May-15,,,,,,,27.86,,,,,
433,CA-2013-159891,31-Jan-15,,,,,,,,,,,,1396.35
434,CA-2013-159989,10-Dec-15,,,,,,,,,,40.68,,
435,CA-2013-160234,27-Jun-15,,,,,,,,,,135.95,,
436,CA-2013-160486,31-Dec-15,,,,,,,,,,72.224,,
437,CA-2013-160598,27-Aug-15,,31.008,,,,,,,,,,
438,CA-2013-162159,17-Sep-15,,,121.78,,,,,,,,,
439,CA-2013-162236,5-Nov-15,,,,,,,,1106.924,,,,
440,CA-2013-162355,1-Jul-15,,,,,,,1302.83,,,,,
441,CA-2013-162747,21-Mar-15,,,,,,,,86.45,,,,
442,CA-2013-162901,29-Mar-15,,31.4,,,,,,,,,,
443,CA-2013-163167,29-Nov-15,,,,,,,,2673.69,,,,
444,CA-2013-163174,27-Aug-15,,,,,,,,,,186.54,,
445,CA-2013-163776,20-Jul-15,,,,,,,,,,1110.5,,
446,CA-2013-164350,11-Sep-15,,,,,,,,,67.56,,,
447,CA-2013-164574,30-Jul-15,,,,,,,,,,732.156,,
448,CA-2013-164735,15-Apr-15,,,,,,,81.2,,,,,
449,CA-2013-164784,2-May-15,377.346,,,,,,,,,,,
450,CA-2013-165316,24-Jul-15,,,,,,,,,,,324.387,
451,CA-2013-165470,26-Nov-15,,,,,,,,,,,,5.08
452,CA-2013-165827,5-Nov-15,,,,,,,,,,,50.496,
453,CA-2013-166282,17-Apr-15,,,,,,,,,,158.256,,
454,CA-2013-166380,31-May-15,,,,,,,,,,,138.53,
455,CA-2013-166485,20-Feb-15,,,,,,,,,,16.496,,
456,CA-2013-168536,21-Dec-15,,,,,,,,,,66.3,,
457,CA-2013-168753,30-May-15,,,,,,,1002.7,,,,,
458,CA-2013-168893,4-Nov-15,,,,,,,903.77,,,,,
459,CA-2013-169026,9-Aug-15,,,,,,,,,,,,23.34
460,CA-2013-169103,9-Mar-15,,,,,,,,,,1466.32,,
461,CA-2013-169334,22-Oct-15,,,,,,,111.672,,,,,
462,CA-2014-100412,22-Dec-16,,,,,,,,,,,,141.96
463,CA-2014-100426,4-Jun-16,,,,,,,,,,12.48,,
464,CA-2014-100622,3-Nov-16,,,,,,,,,,1030.742,,
465,CA-2014-100902,17-Nov-16,,,,,,,,,,699.4,,
466,CA-2014-101042,19-Nov-16,,,,,,,,,,843.84,,
467,CA-2014-101210,25-Aug-16,,,,,,,13.152,,,,,
468,CA-2014-101273,27-Aug-16,,,,,,,14.336,,,,,
469,CA-2014-101483,29-Jul-16,,,,,,,61.216,,,,,
470,CA-2014-102204,1-May-16,,,,,,,,,,3740.51,,
471,CA-2014-102309,23-Sep-16,,,,,,,212.91,,,,,
472,CA-2014-102554,11-Jun-16,,,,,,,,,,,,3.76
473,CA-2014-102610,4-Nov-16,,,,,,,,,,248.396,,
474,CA-2014-102736,5-Sep-16,,,,,,,,,,177.08,,
475,CA-2014-103009,3-Nov-16,,,,,,,,26.4,,,,
476,CA-2014-103065,20-Oct-16,,,,59.824,,,,,,,,
477,CA-2014-103212,13-Oct-16,1541.51,,,,,,,,,,,
478,CA-2014-103499,20-Nov-16,,,,,,,,,,209.568,,
479,CA-2014-104318,13-May-16,,,,,,,,,,,20.768,
480,CA-2014-104731,21-Jul-16,,,,,,,,,,951.98,,
481,CA-2014-104864,18-Nov-16,,,,,,,,552.856,,,,
482,CA-2014-105620,25-Dec-16,141,,,,,,,,,,,
483,CA-2014-106537,12-Aug-16,,,,,,,,,,20.736,,
484,CA-2014-107167,10-Jun-16,,,,,,,,,,,1347.52,
485,CA-2014-107209,27-Jul-16,,,,,,,194.848,,,,,
486,CA-2014-107461,21-Dec-16,,,,,,,23.88,,,,,
487,CA-2014-108035,29-Nov-16,,,,,,,,,,491.888,,
488,CA-2014-108112,15-Nov-16,,,,,,,,,,559.2,,
489,CA-2014-108287,18-Dec-16,12.672,,,,,,,,,,,
490,CA-2014-108322,30-Apr-16,,,,,,,,,,,26.056,
491,CA-2014-109183,4-Dec-16,,,,,,,,,,649,,
492,CA-2014-109589,21-Dec-16,71,,,,,,,,,,,
493,CA-2014-110198,1-May-16,318.96,,,,,,,,,,,
494,CA-2014-110212,1-May-16,,,,,,,,,,,,48.9
495,CA-2014-110310,27-Oct-16,,,,,,,,,,,68.967,
496,CA-2014-110926,19-Nov-16,,,,,,,,,,25.06,,
497,CA-2014-112774,11-Sep-16,34.504,,,,,,,,,,,
498,CA-2014-113481,3-Jan-16,,740.214,,,,,,,,,,
499,CA-2014-113558,21-Oct-16,,,,,,,,,,,,729.648
500,CA-2014-113705,27-Mar-16,,,,,,,874.8,,,,,
501,CA-2014-114055,25-Dec-16,,,,,,,,,819.28,,,
502,CA-2014-114412,15-Apr-16,,,,,,,,,,15.552,,
503,CA-2014-114636,25-Aug-16,,,,,,,,,,192.16,,
504,CA-2014-115070,10-Apr-16,,,,,,,,16.739,,,,
505,CA-2014-115448,11-Nov-16,88.92,,,,,,,,,,,
506,CA-2014-115882,14-Sep-16,,1017.136,,,,,,,,,,
507,CA-2014-116113,2-Oct-16,,,,,,,,10.16,,,,
508,CA-2014-116855,17-Dec-16,,,,,,,,,,504.9,,
509,CA-2014-116939,25-Sep-16,,,,,,,,,,177.55,,
510,CA-2014-117079,23-Oct-16,,,,,,,,,,863.88,,
511,CA-2014-117198,31-Aug-16,,,,,,,,,,659.9,,
512,CA-2014-117695,5-Aug-16,,13.76,,,,,,,,,,
513,CA-2014-118402,29-Sep-16,,,,,,,,,,243.92,,
514,CA-2014-119004,23-Nov-16,,,,,,,,,,105.408,,
515,CA-2014-119284,15-Jun-16,,,,,,,,,,,2942.784,
516,CA-2014-119305,30-Nov-16,,,,,,,,,,173.8,,
517,CA-2014-119669,25-Jan-16,,,,,,,,,,5.67,,
518,CA-2014-120705,5-Sep-16,,,,,,,,,,,,147.184
519,CA-2014-120894,28-Apr-16,,,,,,,,,,28.08,,
520,CA-2014-121314,23-Sep-16,251.64,,,,,,,,,,,
521,CA-2014-121419,2-Apr-16,,,771.8,,,,,,,,,
522,CA-2014-121804,3-Mar-16,,,,,,,,,,72.8,,
523,CA-2014-121818,20-Nov-16,52.696,,,,,,,,,,,
524,CA-2014-122056,13-Jun-16,,,,,,,,,,181.86,,
525,CA-2014-122154,9-Apr-16,284.19,,,,,,,,,,,
526,CA-2014-122693,20-Feb-16,,,,,,,,1245.86,,,,
527,CA-2014-122707,16-Apr-16,,503.22,,,,,,,,,,
528,CA-2014-122987,16-Aug-16,,,,80.564,,,,,,,,
529,CA-2014-122994,7-Feb-16,359.97,,,,,,,,,,,
530,CA-2014-123239,27-Jul-16,,,,,,,91.032,,,,,
531,CA-2014-123351,21-Sep-16,,,,,,,,,,80.48,,
532,CA-2014-123687,26-May-16,,234.2,,,,,,,,,,
533,CA-2014-124296,24-Dec-16,,,,,,,,,,712.85,,
534,CA-2014-124597,30-Apr-16,,,,,,,,,,,,32.088
535,CA-2014-124765,25-Nov-16,,,,,,,,,,723.92,,
536,CA-2014-124828,3-Jul-16,,9.552,,,,,,,,,,
537,CA-2014-124898,11-Sep-16,,,,,,,,,,,,184.66
538,CA-2014-125472,30-May-16,253.86,,,,,,,,,,,
539,CA-2014-125745,30-Jun-16,,,,,,,,,,,19.52,
540,CA-2014-125752,31-Jul-16,,,,,,,,,,,,41.424
541,CA-2014-126046,3-Nov-16,,,,,,,,,,,12.39,
542,CA-2014-126354,4-Feb-16,,,,,,,,,,119.178,,
543,CA-2014-126382,3-Jun-16,,,,,,,,,,,35.168,
544,CA-2014-126774,15-Apr-16,4.89,,,,,,,,,,,
545,CA-2014-126914,15-Jun-16,,,,,,,,,,776.08,,
546,CA-2014-127306,15-Jan-16,,,,,,,,,,175.086,,
547,CA-2014-127516,28-Dec-16,,,,,,,,,,,,64.784
548,CA-2014-127726,11-Sep-16,,,,,,,209.88,,,,,
549,CA-2014-127803,19-May-16,,,,,,,,,,,26.16,
550,CA-2014-128300,24-Nov-16,,,,,,,,406.94,,,,
551,CA-2014-128363,13-Aug-16,,,,,,,,,,2382.926,,
552,CA-2014-128475,26-Aug-16,,,,,,,,,,,,71.98
553,CA-2014-128629,10-Jul-16,,,,,,,18.84,,,,,
554,CA-2014-128699,3-Dec-16,,,,,,,47.992,,,,,
555,CA-2014-128755,4-May-16,,,,,,,,,,629.86,,
556,CA-2014-128769,7-Sep-16,,,,,,,,,,,81.568,
557,CA-2014-129021,23-Aug-16,,,,,,,4590.344,,,,,
558,CA-2014-129028,1-Apr-16,,127.95,,,,,,,,,,
559,CA-2014-129462,16-Jun-16,,,,,,,740.59,,,,,
560,CA-2014-129490,26-Sep-16,,,,,,,,,,,,419.136
561,CA-2014-129910,30-Mar-16,,,,,,,,,,,,59.76
562,CA-2014-130309,17-Dec-16,,,,,,,,,,544.38,,
563,CA-2014-130834,3-Nov-16,,,,,,,16.272,,,,,
564,CA-2014-130904,11-Apr-16,,,,,,,,,,22.744,,
565,CA-2014-132185,27-Nov-16,,,,,,,,,,52.344,,
566,CA-2014-132213,25-Apr-16,,,109.968,,,,,,,,,
567,CA-2014-133095,4-Jun-16,,,,,,117.62,,,,,,
568,CA-2014-133235,1-Aug-16,271.96,,,,,,,,,,,
569,CA-2014-133263,31-Mar-16,,,,,,,,3098.61,,,,
570,CA-2014-133501,27-Aug-16,,,,,,,,,,5.184,,
571,CA-2014-133641,14-May-16,,,,,,,,,,48.69,,
572,CA-2014-133928,11-Jun-16,,,,,,,,,,4.572,,
573,CA-2014-134096,24-Sep-16,,,,,,,,,,,,399.53
574,CA-2014-134495,1-Apr-16,,,,,,,,269.4,,,,
575,CA-2014-134649,27-Jan-16,,,,,,,,22.63,,,,
576,CA-2014-134810,9-May-16,,272.232,,,,,,,,,,
577,CA-2014-135587,7-Dec-16,,,,,,,,,,372.64,,
578,CA-2014-136826,16-Jun-16,,,,,,,,,,,14.016,
579,CA-2014-137631,28-Apr-16,,,,,,,,,,751.984,,
580,CA-2014-138779,15-Jan-16,29.664,,,,,,,,,,,
581,CA-2014-138975,19-May-16,,,,,,,,,,2361.52,,
582,CA-2014-139353,28-Oct-16,,,,,,,273.088,,,,,
583,CA-2014-139493,13-Sep-16,,,,,,,,,,15.92,,
584,CA-2014-139619,19-Sep-16,,,,,,,,,,,95.616,
585,CA-2014-139787,19-Sep-16,,,,,,,,,,,,35.4
586,CA-2014-139948,17-Jul-16,,,,,,,,,,7.904,,
587,CA-2014-140088,28-May-16,,,,,,,301.96,,,,,
588,CA-2014-140627,23-Dec-16,,,,,,,,,,303.32,,
589,CA-2014-140872,3-Jun-16,,,,,,,,,,1111.698,,
590,CA-2014-141446,16-Sep-16,,,,,,,,,18,,,
591,CA-2014-141614,5-Jun-16,,,,,,,,,,,20.736,
592,CA-2014-142090,30-Nov-16,,,,,,,,,,2165.658,,
593,CA-2014-142671,10-Nov-16,,,,,,,,,11.52,,,
594,CA-2014-143567,2-Nov-16,,,,,,,,3291.07,,,,
595,CA-2014-143756,2-Dec-16,701.96,,,,,,,,,,,
596,CA-2014-143861,12-Jun-16,,,,,,,,,,17.088,,
597,CA-2014-144365,24-Oct-16,,,,,,,,,,11.68,,
598,CA-2014-144456,8-Sep-16,,,220.056,,,,,,,,,
599,CA-2014-144498,6-May-16,,,,817.829,,,,,,,,
600,CA-2014-144694,24-Sep-16,,,,,,,253.824,,,,,
601,CA-2014-145275,2-Apr-16,,,,,,,,,,14.94,,
602,CA-2014-145310,22-Dec-16,,,,,,,7.824,,,,,
603,CA-2014-145702,19-May-16,,,,,,,,342.24,,,,
604,CA-2014-145737,15-Sep-16,,,,,,,,,,163.96,,
605,CA-2014-146136,3-Sep-16,,,,,,,,,,24.448,,
606,CA-2014-146192,22-Apr-16,,,,,,,,,,675.06,,
607,CA-2014-146458,19-Nov-16,,,,,,,22.96,,,,,
608,CA-2014-146535,24-Nov-16,,,,,,,,,,,,1446.84
609,CA-2014-146983,2-Sep-16,,,,,,,,,,1577.94,,
610,CA-2014-147228,9-Sep-16,,,,,,,,,,458.984,,
611,CA-2014-147333,14-Dec-16,,,,,,,,,,,204.55,
612,CA-2014-147361,9-Sep-16,,,,,,,,,,,685.26,
613,CA-2014-147760,4-Nov-16,,1883.724,,,,,,,,,,
614,CA-2014-148166,21-Oct-16,,,,,,,,,,,,17.856
615,CA-2014-148404,7-Oct-16,,,,,,,,,,,,1027.21
616,CA-2014-148474,12-Jun-16,,,,,,,,,,,,544.14
617,CA-2014-148810,26-Jun-16,,,,,,,,,,,287.424,
618,CA-2014-148922,10-Dec-16,,,,,,,,,684.78,,,
619,CA-2014-148999,31-Jan-16,,,,,,,,,,419.136,,
620,CA-2014-149146,12-Oct-16,,,,,,7.968,,,,,,
621,CA-2014-149853,3-Oct-16,,,,,,,,,,33.472,,
622,CA-2014-150910,22-Dec-16,,,,,,,,,,1090.348,,
623,CA-2014-150931,7-Jan-16,,,,,,,,,,,,33.74
624,CA-2014-151211,17-Aug-16,,,,,,,,,,,,201.09
625,CA-2014-151218,20-Jun-16,4.464,,,,,,,,,,,
626,CA-2014-151855,27-May-16,,,,,,,,,,,39.252,
627,CA-2014-152786,12-Mar-16,,,,,,,,,,40.41,,
628,CA-2014-152968,26-May-16,,,,,,,,,,23.08,,
629,CA-2014-153339,3-Nov-16,,,,,,,,15.992,,,,
630,CA-2014-153654,24-Nov-16,,,,,,,,19.008,,,,
631,CA-2014-154088,12-Nov-16,,,,,,,,,,26.72,,
632,CA-2014-154123,20-Nov-16,,,,,,,,,,,,27.58
633,CA-2014-154816,6-Nov-16,,,,,,,,,,,5.78,
634,CA-2014-155089,2-Dec-16,,,,,,,,,,,,45.66
635,CA-2014-155159,25-Nov-16,,,,,,,48.87,,,,,
636,CA-2014-155292,30-Oct-16,,,204.98,,,,,,,,,
637,CA-2014-155698,8-Mar-16,,668.54,,,,,,,,,,
638,CA-2014-155705,21-Aug-16,,,,,,,866.4,,,,,
639,CA-2014-155824,10-Mar-16,,,,,,,,,,,61.876,
640,CA-2014-156272,21-Mar-16,,,,,,,,,,,64.384,
641,CA-2014-156769,6-May-16,54.66,,,,,,,,,,,
642,CA-2014-157854,8-Apr-16,,,,,,,,,,,2747.25,
643,CA-2014-157931,17-Sep-16,,,,,,,,,830.24,,,
644,CA-2014-158386,16-Oct-16,,,,,,,,,,124.75,,
645,CA-2014-158407,4-Jun-16,,,,,,,,,,,103.968,
646,CA-2014-158561,11-Nov-16,,,,,,,,1158.12,,,,
647,CA-2014-158729,19-Dec-16,1665.62,,,,,,,,,,,
648,CA-2014-158743,20-Oct-16,,,,,,,,,,199.17,,
649,CA-2014-158883,2-Jun-16,,,,25.344,,,,,,,,
650,CA-2014-158967,10-Dec-16,19.104,,,,,,,,,,,
651,CA-2014-159100,16-Oct-16,,,,,,,,,,,1893.786,
652,CA-2014-159135,4-Nov-16,,,,,,,,,,,,4.3
653,CA-2014-159464,18-May-16,,524.85,,,,,,,,,,
654,CA-2014-159667,9-Nov-16,,,,,,,,,,,,691.144
655,CA-2014-159954,10-Sep-16,,,,,,,,,,2.78,,
656,CA-2014-160017,28-Sep-16,,,,,,,,,,,10.368,
657,CA-2014-160423,22-Jan-16,,,,,,,,,,,,383.992
658,CA-2014-160458,27-May-16,,,,,,,25.92,,,,,
659,CA-2014-160724,5-May-16,,,,,,,,,,,34.5,
660,CA-2014-160899,11-Aug-16,,,,,,,,,477.51,,,
661,CA-2014-161046,5-Mar-16,,,,,839.25,,,,,,,
662,CA-2014-161053,22-Sep-16,726.91,,,,,,,,,,,
663,CA-2014-161088,25-May-16,,,,,,,,,,,,29.84
664,CA-2014-161130,3-Nov-16,,,,,,,,,,,361.376,
665,CA-2014-161200,6-Aug-16,,,,,,,161.14,,,,,
666,CA-2014-161592,6-Apr-16,,,,,,,,,,,8.1,
667,CA-2014-161851,15-Apr-16,,15.57,,,,,,,,,,
668,CA-2014-161970,22-Sep-16,,,,,,,,,,30.9,,
669,CA-2014-162033,26-Mar-16,,,,,,,,,,,,57.01
670,CA-2014-162173,26-Oct-16,,,,,,,,,,608.43,,
671,CA-2014-162635,9-Oct-16,10.816,,,,,,,,,,,
672,CA-2014-163321,7-Aug-16,,,,,,,79.992,,,,,
673,CA-2014-163335,24-Sep-16,79,,,,,,,,,,,
674,CA-2014-163510,25-Dec-16,,,,,,,400.39,,,,,
675,CA-2014-163629,17-Nov-16,,,,,,,,,,,286.09,
676,CA-2014-164756,18-Sep-16,,,,,,,,,,,997.83,
677,CA-2014-164917,2-Dec-16,,,,,,,,,,,47.96,
678,CA-2014-165029,26-Nov-16,,,,,,,,,,,12.84,
679,CA-2014-165204,13-Nov-16,,,,,,,728.968,,,,,
680,CA-2014-165687,17-Nov-16,,,,,,,,,,35.04,,
681,CA-2014-165715,2-Dec-16,,,,,,,,,,32.776,,
682,CA-2014-165904,7-Apr-16,,,,,,,,,,,,235.44
683,CA-2014-167871,18-Nov-16,,,,,,,,,,47.328,,
684,CA-2014-167941,6-Nov-16,,,,,,,831.368,,,,,
685,CA-2014-168102,24-Apr-16,,,,,,,,,,,113.568,
686,CA-2014-168389,11-Dec-16,,,,,,,,,,,873.811,
687,CA-2014-169005,2-Nov-16,,,,,,,,,,5.56,,
688,CA-2014-169012,10-Jul-16,,,,,,,,,,,41.91,
689,US-2011-102715,11-Apr-13,,,,,,,737.2,,,,,
690,US-2011-107405,21-Mar-13,,,,,,,,,,,16.272,
691,US-2011-109162,8-Jun-13,,,,,,,,,,,170.352,
692,US-2011-114377,5-Nov-13,,,,149.9,,,,,,,,
693,US-2011-115196,9-Sep-13,,,,,,,,,,1299.99,,
694,US-2011-117135,21-Jun-13,,,,,,,425.67,,,,,
695,US-2011-117170,17-Sep-13,,,,,,,,,,52.608,,
696,US-2011-118997,8-Apr-13,,,,,,,,,,,1215.92,
697,US-2011-125521,14-Mar-13,,,,,,,,,,,,1139.92
698,US-2011-130358,23-Jun-13,23.12,,,,,,,,,,,
699,US-2011-138835,10-Sep-13,,,,,,,,,,,,9.64
700,US-2011-143581,19-Aug-13,,,,,,,,,,,344.91,
701,US-2011-147627,20-Jan-13,,,,,,,,,,1859.4,,
702,US-2011-147774,20-Jan-13,,,,,,,,,,,67.194,
703,US-2011-150574,19-Dec-13,,,,,,,,,,252.612,,
704,US-2011-155502,26-Jan-13,,,,,,,,,,,,944.61
705,US-2011-155544,21-Mar-13,,,,,,,,,,310.528,,
706,US-2011-155817,3-Oct-13,,,,,,,,,,,,67.76
707,US-2011-156216,13-Sep-13,,,,,,,,,,,18.648,
708,US-2011-156559,19-Aug-13,,,,,,,,,,638.82,,
709,US-2011-157231,5-Apr-13,,,,,,,,,,,115.36,
710,US-2011-158057,22-Mar-13,,,,,,,,,,59.109,,
711,US-2011-164763,17-Mar-13,,,,,,,,,,,103.5,
712,US-2011-165659,1-Jun-13,,,,,,,,,,904.13,,
713,US-2011-167633,30-Sep-13,,,,,,,,,,15.552,,
714,US-2012-106495,15-Jun-14,11.672,,,,,,,,,,,
715,US-2012-108966,11-Oct-14,,,,,,,,,,979.9455,,
716,US-2012-112508,24-Mar-14,,,,,,,,,,,6.992,
717,US-2012-113327,26-May-14,,,,,,,,,352.168,,,
718,US-2012-120572,11-Dec-14,,,,,,,,,,12.828,,
719,US-2012-123960,11-Jun-14,,,,,,,,,,207.82,,
720,US-2012-129553,27-Jul-14,,,,,,,,,,29.97,,
721,US-2012-130519,15-Sep-14,,,,,111.904,,,,,,,
722,US-2012-131842,5-Dec-14,,97.424,,,,,,,,,,
723,US-2012-134026,26-Apr-14,,,,,,,,,,1001.76,,
724,US-2012-136476,5-Apr-14,,,,,,,,,,,157.794,
725,US-2012-136749,25-Dec-14,,,,,,,433.78,,,,,
726,US-2012-140851,13-Jul-14,,,,,,,,38.88,,,,
727,US-2012-145436,28-Feb-14,,,,,,,,,,551.264,,
728,US-2012-148817,1-Dec-14,,,,,,,,,,,125.64,
729,US-2012-149629,17-Jul-14,,,,,,,,231.92,,,,
730,US-2012-151435,6-Sep-14,,,,,,,85.98,,,,,
731,US-2012-158911,5-Jul-14,,,,,,,,,,,16.712,
732,US-2012-164357,25-Nov-14,,,,,,,,,,13.12,,
733,US-2012-168732,10-Dec-14,,,,,,,,,,129.64,,
734,US-2012-168935,27-Nov-14,,,,,,,,,,459.4335,,
735,US-2013-101616,4-Sep-15,,87.28,,,,,,,,,,
736,US-2013-102232,6-Aug-15,,,,,,,,,,,197.05,
737,US-2013-106600,9-Apr-15,354.9,,,,,,,,,,,
738,US-2013-108504,5-Feb-15,,,,,,2075.51,,,,,,
739,US-2013-108637,14-Mar-15,,,,,,,,,,,,334.2
740,US-2013-109260,27-Sep-15,,,,,,,,,,,,431.976
741,US-2013-113649,10-Aug-15,645.136,,,,,,,,,,,
742,US-2013-116400,23-Oct-15,39.92,,,,,,,,,,,
743,US-2013-119298,26-Nov-15,59.98,,,,,,,,,,,
744,US-2013-120929,19-Mar-15,,,,,,,189.882,,,,,
745,US-2013-121013,6-Sep-15,,,,,,,,,,1678,,
746,US-2013-123750,16-Apr-15,,,,,,,,,,,,895.06
747,US-2013-131891,30-Jul-15,2.214,,,,,,,,,,,
748,US-2013-132857,12-Dec-15,,,,,,,,,,6.672,,
749,US-2013-134761,1-Dec-15,,,,36.192,,,,,,,,
750,US-2013-135209,30-Dec-15,,,,,,,,,62.752,,,
751,US-2013-135923,22-Jan-15,,,,,,,,,,530.272,,
752,US-2013-137295,8-Jan-15,,,,,,,,,,187.228,,
753,US-2013-138408,19-Nov-15,,,,,,,,1319.96,,,,
754,US-2013-139262,21-Feb-15,,,,,,,,,,,,471.078
755,US-2013-140809,1-Feb-15,,56.45,,,,,,,,,,
756,US-2013-142251,1-Nov-15,,,,,,,32.064,,,,,
757,US-2013-144393,29-Oct-15,,,,,,,,,,,17.616,
758,US-2013-146570,16-May-15,,,,,,,,,,,,612.14
759,US-2013-147991,6-May-15,,,,,,,,,,16.72,,
760,US-2013-148803,12-Dec-15,,,,85.224,,,,,,,,
761,US-2013-148901,15-May-15,,,,,,,,,,,191.018,
762,US-2013-150357,11-Oct-15,,,,,,,,,,,24.703,
763,US-2013-150567,18-May-15,,,,,,,,,,,29.97,
764,US-2013-153815,7-Nov-15,,368.432,,,,,,,,,,
765,US-2013-155404,23-Sep-15,,,,,,,,,,,,13.28
766,US-2013-156692,14-Aug-15,,,,89.32,,,,,,,,
767,US-2013-158309,27-Nov-15,,,3.744,,,,,,,,,
768,US-2013-159415,18-Apr-15,,,,,,,,,,,79.12,
769,US-2013-161844,10-Dec-15,,,,,,,,82.92,,,,
770,US-2013-162677,27-Mar-15,187.616,,,,,,,,,,,
771,US-2013-164588,17-Apr-15,,,,,,,,,,12.84,,
772,US-2013-164630,4-Jan-15,,,,,,,,,,,959.968,
773,US-2013-167472,7-Jun-15,678.87,,,,,,,,,,,
774,US-2013-168620,25-Dec-15,,,,,,,,,823.61,,,
775,US-2013-169369,13-Dec-15,,,,,,,,,,299.07,,
776,US-2014-100930,7-Apr-16,,,,,,,,,,,,1735.8505
777,US-2014-102904,13-Nov-16,,,,,,,,,,239.92,,
778,US-2014-105935,27-Jan-16,,,,,,,,,,3002.65,,
779,US-2014-108063,2-Dec-16,34.65,,,,,,,,,,,
780,US-2014-108315,30-Apr-16,,,,,,,,,,,,225.546
781,US-2014-109610,25-Nov-16,,,,,,,,701.96,,,,
782,US-2014-114356,20-Aug-16,,,,,,,,,,,,35.96
783,US-2014-115252,20-Oct-16,,,,,,,,,,,30.336,
784,US-2014-117450,4-Sep-16,,,,,,,,,,107.552,,
785,US-2014-120390,19-Oct-16,,,,,,,,,,,,1633.188
786,US-2014-120607,19-May-16,,,,195.64,,,,,,,,
787,US-2014-126060,14-Apr-16,,,,,,,,,,,198.272,
788,US-2014-126179,3-Jul-16,,,,,,,,,,311.96,,
789,US-2014-128118,24-Nov-16,,,,,,,,,,,76.521,
790,US-2014-128951,15-Jul-16,,1065.84,,,,,,,,,,
791,US-2014-129224,17-Mar-16,,,,,,,,,,,,4.608
792,US-2014-132031,23-Apr-16,,,,,,,,,,,,513.496
793,US-2014-132297,27-May-16,,,,,,,,,,,,598.31
794,US-2014-132675,24-Sep-16,,,,,,,,,,,,148.16
795,US-2014-133781,22-Jun-16,37.608,,,,,,,,,,,
796,US-2014-134642,26-Feb-16,,,,,,,,,,428.704,,
797,US-2014-135062,31-Aug-16,,,,,,,229.544,,,,,
798,US-2014-135503,10-Dec-16,,,,,,,,,,,14.76,
799,US-2014-135986,20-Jun-16,,,,,,,,,,536.36,,
800,US-2014-136189,7-Dec-16,,,,,,,,,,82.38,,
801,US-2014-146822,9-Jun-16,,,,,,,,,,49.12,,
802,US-2014-146878,21-Sep-16,,,,,,,,,,12.294,,
803,US-2014-148768,30-Nov-16,,,,,,,,,71.976,,,
804,US-2014-148831,13-Oct-16,348.56,,,,,,,,,,,
805,US-2014-149510,3-Dec-16,,,,,,,,,,98.446,,
806,US-2014-152492,6-Jul-16,,,,239.24,,,,,,,,
807,US-2014-152842,16-Jul-16,,,,,,,,,,242.352,,
808,US-2014-152898,11-Sep-16,,,,,,,,,,67.9,,
809,US-2014-153633,13-Nov-16,,,,,,,2.064,,,,,
810,US-2014-156083,4-Nov-16,,,,,,,,,,,,9.664
811,US-2014-158526,29-Dec-16,,,,,,,1814.68,,,,,
812,US-2014-159205,31-Mar-16,,,,,,,,,732.93,,,
813,US-2014-162208,27-Aug-16,,2.896,,,,,,,,,,
814,US-2014-162558,2-Oct-16,,,2437.672,,,,,,,,,
815,US-2014-162670,23-Dec-16,,,,,,,,1152.87,,,,
816,US-2014-163195,18-Feb-16,,,,,,,29.16,,,,,
817,US-2014-165953,1-Jan-16,,,,,,,,,,71.096,,
818,US-2014-166233,3-Jul-16,,,,,,,,,,24,,
819,US-2014-166611,28-Mar-16,,,,,,,,,,,68.742,
820,US-2014-167920,9-Dec-16,,,,,,,1827.51,,,,,
821,US-2014-168116,4-Nov-16,,,,,8167.42,,,,,,,
822,US-2014-168690,8-Jan-16,,,,,,,,,,2.808,,
,,Grand Total,20802.173,20792.607,7737.786,8132.409,9907.308,2977.456,49724.2545,35243.231,8791.127,116922.1345,55942.7865,54748.6325